{
  "epoch": [
    0,
    1,
    2
  ],
  "train_loss": [
    8.205070652008057,
    8.078863460540772,
    6.910382175445557
  ],
  "val_loss": [
    8.014463478088379,
    NaN,
    6.068924144744873
  ],
  "train_policy_acc": [
    0.0,
    0.002,
    0.01
  ],
  "val_policy_acc": [
    0.0035,
    NaN,
    0.0265
  ],
  "train_threat_f1": [
    0.0,
    0.0,
    0.0
  ],
  "val_threat_f1": [
    0.0,
    NaN,
    0.0
  ],
  "train_win_f1": [
    0.0,
    0.0,
    0.0
  ],
  "val_win_f1": [
    0.0,
    NaN,
    0.0
  ],
  "train_value_mse": [
    0.4188132907152176,
    0.42015510227531194,
    0.49492463541030884
  ],
  "val_value_mse": [
    0.37704342113249006,
    NaN,
    0.44438904511928556
  ],
  "train_value_sign_acc": [
    0.49038461538461536,
    0.4519230769230769,
    0.5
  ],
  "val_value_sign_acc": [
    0.5039893617021277,
    NaN,
    0.5039893617021277
  ],
  "_wall_time": 14.745537996292114,
  "_args": {
    "quick": true,
    "epochs": 3,
    "batch": 32,
    "hidden": 32,
    "depth": 6,
    "lr": 0.0003,
    "seed": 42,
    "data_dir": "C:\\Users\\Leon\\Desktop\\Psychograph\\hexgo-theory\\data\\static_positions",
    "lambda_value": 1.0
  }
}