{
  "dispersion": {
    "d_A": 2.5,
    "d_I": 5.0,
    "d_A_analytic": 2.5,
    "d_I_analytic": 5.0,
    "d_A_empirical": 23.55603165535471,
    "d_I_empirical": 28.30982714762285,
    "ratio_dI_dA": 2.0,
    "lambda_star": 11.814283050307266,
    "lambda_star_analytic": 11.814283050307266,
    "k_star": 0.5318295896944989,
    "turing_instability_active": true,
    "n_dispersion_games": 40
  },
  "crystal": {
    "random": {
      "bragg99_mean": 0.09958335161209106,
      "bragg99_std": 0.006628794657682677,
      "d6_jaccard_mean": 0.09915283650811157,
      "moment6_mean": 0.09395184927038014,
      "pair_corr_dominant_lag_mean": 5.45,
      "mean_pair_corr": {
        "1": 0.312410071942446,
        "2": 0.3105215827338129,
        "3": 0.3095323741007194,
        "4": 0.31510791366906477,
        "5": 0.30906474820143887,
        "6": 0.3098021582733813,
        "7": 0.3128725590955807,
        "8": 0.3157823741007194,
        "9": 0.2907673860911271,
        "10": 0.27863309352517984,
        "11": 0.27581752779594504,
        "12": 0.26888489208633093,
        "13": 0.26223021582733813,
        "14": 0.26350205549845834,
        "15": 0.25,
        "16": 0.24462679856115105,
        "17": 0.23506136267456618,
        "18": 0.22745803357314148,
        "19": 0.21991669822037113,
        "20": 0.21388489208633094
      },
      "n_games": 40
    },
    "greedy": {
      "bragg99_mean": 0.5904256105422974,
      "bragg99_std": 0.0,
      "d6_jaccard_mean": 0.24030386895272474,
      "moment6_mean": 0.15259466344940217,
      "pair_corr_dominant_lag_mean": 3.0,
      "mean_pair_corr": {
        "1": 6.388489208633093,
        "2": 5.525179856115107,
        "3": 4.719424460431655,
        "4": 3.91726618705036,
        "5": 3.3064748201438845,
        "6": 2.8129496402877696,
        "7": 2.512846865364851,
        "8": 2.285071942446043,
        "9": 1.877697841726619,
        "10": 1.556115107913669,
        "11": 1.2027468933943755,
        "12": 0.9262589928057554,
        "13": 0.6939679026009961,
        "14": 0.5010277492291881,
        "15": 0.3856115107913669,
        "16": 0.2954136690647482,
        "17": 0.22344477359289033,
        "18": 0.15467625899280577,
        "19": 0.09314653540325635,
        "20": 0.050719424460431664
      },
      "n_games": 40
    },
    "combo_v2": {
      "bragg99_mean": 0.39601858322109496,
      "bragg99_std": 0.13735915676188612,
      "d6_jaccard_mean": 0.17708140753601156,
      "moment6_mean": 0.14437506960603966,
      "pair_corr_dominant_lag_mean": 3.342857142857143,
      "mean_pair_corr": {
        "1": 8.624844193308471,
        "2": 7.090564014243211,
        "3": 4.544271545386347,
        "4": 3.992825534746188,
        "5": 2.8769425258669608,
        "6": 3.045032827471848,
        "7": 1.8825428617963613,
        "8": 1.9763503697485123,
        "9": 1.2179899942305465,
        "10": 1.2922855267833067,
        "11": 0.6804958425935941,
        "12": 0.9164560802689451,
        "13": 0.4226491297346487,
        "14": 0.6001049721636328,
        "15": 0.2926454855048938,
        "16": 0.4144413073747824,
        "17": 0.17535111787190535,
        "18": 0.3026219794627104,
        "19": 0.11243153017532782,
        "20": 0.190339346661418
      },
      "n_games": 35
    }
  },
  "bellman_residual": {
    "random": {
      "mean": 5.527626319834408,
      "std": 1.4143414201772326,
      "n": 31823
    },
    "greedy": {
      "mean": 4.429789050064916,
      "std": 1.128136937738065,
      "n": 8094
    },
    "combo_v2": {
      "mean": 2.519690678624089,
      "std": 1.1478217420381092,
      "n": 7113
    }
  },
  "_params": {
    "n_games": 40,
    "horizon": 160,
    "burn_in": 20,
    "grid_fft": 48,
    "diffraction_grid": 128,
    "k_extent": 12.566370614359172,
    "seed": 20260520,
    "device": "cuda",
    "n_dispersion_games": 40
  },
  "_wall_time": 1051.5616309999969
}