{
  "ca_combo__vs__ca_combo": {
    "black": "ca_combo",
    "white": "ca_combo",
    "n_games": 100,
    "max_moves": 240,
    "wall_time": 93.42557589999979,
    "wins_black": 26,
    "wins_white": 45,
    "unfinished": 29,
    "mean_length": 101.77,
    "lengths": [
      25,
      29,
      125,
      240,
      35,
      19,
      240,
      85,
      240,
      240,
      240,
      43,
      15,
      127,
      21,
      240,
      27,
      240,
      25,
      33,
      19,
      83,
      27,
      55,
      27,
      27,
      33,
      23,
      27,
      27,
      51,
      27,
      240,
      240,
      119,
      31,
      81,
      240,
      27,
      27,
      27,
      27,
      31,
      240,
      151,
      27,
      39,
      35,
      17,
      240,
      27,
      31,
      77,
      240,
      41,
      240,
      240,
      49,
      139,
      15,
      25,
      240,
      47,
      21,
      57,
      240,
      131,
      23,
      240,
      240,
      19,
      17,
      240,
      63,
      240,
      240,
      240,
      21,
      125,
      27,
      59,
      33,
      240,
      240,
      27,
      27,
      240,
      15,
      240,
      33,
      21,
      69,
      89,
      240,
      25,
      115,
      23,
      240,
      35,
      17
    ],
    "ci_black": [
      0.18404578126986462,
      0.35371172631861636
    ],
    "ci_white": [
      0.3561437510640346,
      0.5475557296835656
    ]
  },
  "ca_combo_v2__vs__ca_combo_v2": {
    "black": "ca_combo_v2",
    "white": "ca_combo_v2",
    "n_games": 100,
    "max_moves": 240,
    "wall_time": 89.37971519999974,
    "wins_black": 39,
    "wins_white": 34,
    "unfinished": 27,
    "mean_length": 106.57,
    "lengths": [
      23,
      85,
      240,
      195,
      29,
      43,
      240,
      79,
      65,
      151,
      23,
      21,
      63,
      185,
      240,
      19,
      207,
      87,
      45,
      31,
      73,
      29,
      240,
      240,
      240,
      19,
      31,
      240,
      39,
      240,
      101,
      17,
      240,
      17,
      25,
      39,
      240,
      19,
      33,
      240,
      240,
      240,
      31,
      41,
      77,
      240,
      37,
      57,
      29,
      45,
      109,
      83,
      33,
      93,
      23,
      41,
      240,
      240,
      240,
      17,
      43,
      101,
      81,
      240,
      51,
      17,
      240,
      240,
      240,
      55,
      15,
      129,
      15,
      240,
      25,
      63,
      29,
      240,
      35,
      31,
      23,
      19,
      240,
      240,
      109,
      240,
      17,
      47,
      21,
      215,
      21,
      23,
      21,
      157,
      111,
      29,
      240,
      101,
      33,
      31
    ],
    "ci_black": [
      0.300167219319702,
      0.48797163832501844
    ],
    "ci_white": [
      0.25461379497543,
      0.43722454341689065
    ]
  },
  "ca_combo__vs__ca_combo_v2": {
    "black": "ca_combo",
    "white": "ca_combo_v2",
    "n_games": 100,
    "max_moves": 240,
    "wall_time": 92.59205800000018,
    "wins_black": 29,
    "wins_white": 44,
    "unfinished": 27,
    "mean_length": 107.85,
    "lengths": [
      17,
      185,
      27,
      69,
      165,
      133,
      31,
      240,
      27,
      35,
      240,
      15,
      27,
      240,
      240,
      240,
      43,
      27,
      240,
      35,
      240,
      240,
      240,
      27,
      75,
      31,
      21,
      27,
      240,
      63,
      19,
      240,
      29,
      131,
      240,
      240,
      165,
      53,
      39,
      27,
      240,
      240,
      45,
      93,
      240,
      31,
      113,
      240,
      151,
      83,
      167,
      43,
      65,
      27,
      29,
      43,
      95,
      49,
      21,
      240,
      25,
      43,
      240,
      240,
      199,
      27,
      19,
      27,
      29,
      27,
      53,
      240,
      29,
      139,
      240,
      240,
      27,
      23,
      15,
      143,
      37,
      240,
      25,
      173,
      99,
      65,
      27,
      27,
      15,
      109,
      117,
      33,
      37,
      39,
      27,
      240,
      21,
      240,
      31,
      240
    ],
    "ci_black": [
      0.21014706973984146,
      0.38539074940007934
    ],
    "ci_white": [
      0.34671865400968327,
      0.537720722887437
    ]
  },
  "ca_combo_v2__vs__ca_combo": {
    "black": "ca_combo_v2",
    "white": "ca_combo",
    "n_games": 100,
    "max_moves": 240,
    "wall_time": 87.71350660000007,
    "wins_black": 43,
    "wins_white": 31,
    "unfinished": 26,
    "mean_length": 114.76,
    "lengths": [
      240,
      93,
      240,
      21,
      91,
      240,
      43,
      101,
      45,
      19,
      240,
      147,
      33,
      25,
      240,
      35,
      240,
      129,
      240,
      111,
      33,
      33,
      65,
      129,
      147,
      41,
      57,
      131,
      240,
      129,
      111,
      29,
      31,
      15,
      240,
      25,
      53,
      240,
      21,
      17,
      21,
      240,
      35,
      37,
      85,
      17,
      240,
      240,
      219,
      53,
      63,
      240,
      93,
      240,
      240,
      27,
      240,
      17,
      129,
      59,
      240,
      139,
      49,
      57,
      240,
      61,
      79,
      35,
      31,
      131,
      240,
      240,
      33,
      227,
      29,
      45,
      63,
      91,
      240,
      240,
      33,
      17,
      240,
      19,
      17,
      23,
      105,
      21,
      119,
      191,
      240,
      240,
      125,
      43,
      163,
      179,
      45,
      45,
      117,
      89
    ],
    "ci_black": [
      0.3373313900052838,
      0.5278478830413564
    ],
    "ci_white": [
      0.22779563206132378,
      0.40626239477955695
    ]
  },
  "_wall_time": 363.1298289999995,
  "_params": {
    "n_games": 100,
    "parallelism": 12,
    "max_moves": 240,
    "seed": 20260417
  }
}