{
  "random__vs__mirror": {
    "black": "random",
    "white": "mirror",
    "n_games": 50,
    "max_moves": 120,
    "wall_time": 5.9701385999997,
    "wins_black": 0,
    "wins_white": 50,
    "unfinished": 0,
    "mean_length": 39.88,
    "lengths": [
      39,
      39,
      42,
      39,
      46,
      39,
      39,
      39,
      39,
      39,
      39,
      42,
      39,
      39,
      39,
      39,
      42,
      39,
      42,
      39,
      39,
      39,
      42,
      39,
      42,
      42,
      39,
      39,
      39,
      39,
      39,
      39,
      39,
      39,
      42,
      42,
      39,
      42,
      39,
      39,
      38,
      42,
      38,
      42,
      42,
      39,
      39,
      39,
      39,
      39
    ],
    "ci_black": [
      0.0,
      0.07135003417431873
    ],
    "ci_white": [
      0.9286499658256813,
      1.0
    ]
  },
  "mirror__vs__random": {
    "black": "mirror",
    "white": "random",
    "n_games": 50,
    "max_moves": 120,
    "wall_time": 25.56473829999959,
    "wins_black": 1,
    "wins_white": 0,
    "unfinished": 49,
    "mean_length": 118.98,
    "lengths": [
      120,
      120,
      120,
      120,
      120,
      120,
      120,
      120,
      120,
      120,
      120,
      120,
      120,
      120,
      120,
      120,
      120,
      120,
      69,
      120,
      120,
      120,
      120,
      120,
      120,
      120,
      120,
      120,
      120,
      120,
      120,
      120,
      120,
      120,
      120,
      120,
      120,
      120,
      120,
      120,
      120,
      120,
      120,
      120,
      120,
      120,
      120,
      120,
      120,
      120
    ],
    "ci_black": [
      0.0035391680889764604,
      0.10495686471836953
    ],
    "ci_white": [
      0.0,
      0.07135003417431873
    ]
  },
  "ca_combo_v2__vs__mirror": {
    "black": "ca_combo_v2",
    "white": "mirror",
    "n_games": 50,
    "max_moves": 120,
    "wall_time": 7.253329499999381,
    "wins_black": 43,
    "wins_white": 7,
    "unfinished": 0,
    "mean_length": 46.38,
    "lengths": [
      25,
      73,
      49,
      25,
      69,
      21,
      69,
      49,
      73,
      21,
      69,
      31,
      52,
      52,
      52,
      21,
      21,
      75,
      33,
      21,
      21,
      21,
      33,
      21,
      29,
      29,
      69,
      52,
      73,
      52,
      79,
      59,
      29,
      52,
      31,
      52,
      52,
      75,
      21,
      49,
      69,
      49,
      69,
      21,
      25,
      69,
      75,
      21,
      69,
      52
    ],
    "ci_black": [
      0.738135428014719,
      0.9304925473797714
    ],
    "ci_white": [
      0.06950745262022862,
      0.2618645719852809
    ]
  },
  "mirror__vs__ca_combo_v2": {
    "black": "mirror",
    "white": "ca_combo_v2",
    "n_games": 50,
    "max_moves": 120,
    "wall_time": 6.662919899999906,
    "wins_black": 5,
    "wins_white": 45,
    "unfinished": 0,
    "mean_length": 37.12,
    "lengths": [
      71,
      55,
      15,
      63,
      47,
      23,
      39,
      15,
      71,
      29,
      23,
      71,
      31,
      15,
      23,
      43,
      23,
      23,
      23,
      31,
      55,
      21,
      47,
      23,
      79,
      39,
      47,
      47,
      37,
      23,
      23,
      27,
      23,
      21,
      63,
      79,
      25,
      31,
      31,
      31,
      23,
      15,
      63,
      31,
      47,
      71,
      31,
      23,
      23,
      23
    ],
    "ci_black": [
      0.04347512399157111,
      0.2136049033478839
    ],
    "ci_white": [
      0.7863950966521162,
      0.956524876008429
    ]
  },
  "_wall_time": 45.460036799999216,
  "_params": {
    "n_games": 50,
    "parallelism": 12,
    "max_moves": 120,
    "seed": 20260417
  }
}