{
  "random__vs__neural_ca": {
    "black": "random",
    "white": "neural_ca",
    "n_games": 20,
    "max_moves": 120,
    "wall_time": 20.74203200000011,
    "wins_black": 0,
    "wins_white": 14,
    "unfinished": 6,
    "mean_length": 63.35,
    "lengths": [
      120,
      22,
      120,
      120,
      26,
      50,
      22,
      38,
      22,
      22,
      120,
      23,
      26,
      22,
      22,
      107,
      70,
      120,
      120,
      75
    ],
    "ci_black": [
      0.0,
      0.16113012549493322
    ],
    "ci_white": [
      0.4810232237710206,
      0.854524726031006
    ]
  },
  "neural_ca__vs__random": {
    "black": "neural_ca",
    "white": "random",
    "n_games": 20,
    "max_moves": 120,
    "wall_time": 23.592817599999762,
    "wins_black": 12,
    "wins_white": 0,
    "unfinished": 8,
    "mean_length": 78.15,
    "lengths": [
      120,
      61,
      120,
      120,
      33,
      120,
      109,
      29,
      41,
      57,
      92,
      40,
      24,
      120,
      32,
      120,
      120,
      120,
      24,
      61
    ],
    "ci_black": [
      0.3865779423152061,
      0.7811960325858074
    ],
    "ci_white": [
      0.0,
      0.16113012549493322
    ]
  },
  "ca_combo_v2__vs__neural_ca": {
    "black": "ca_combo_v2",
    "white": "neural_ca",
    "n_games": 20,
    "max_moves": 120,
    "wall_time": 9.298195400000623,
    "wins_black": 20,
    "wins_white": 0,
    "unfinished": 0,
    "mean_length": 44.8,
    "lengths": [
      56,
      61,
      28,
      84,
      56,
      72,
      60,
      20,
      28,
      28,
      20,
      69,
      20,
      28,
      28,
      29,
      88,
      20,
      32,
      69
    ],
    "ci_black": [
      0.8388698745050667,
      1.0
    ],
    "ci_white": [
      0.0,
      0.16113012549493322
    ]
  },
  "neural_ca__vs__ca_combo_v2": {
    "black": "neural_ca",
    "white": "ca_combo_v2",
    "n_games": 20,
    "max_moves": 120,
    "wall_time": 11.822555799999463,
    "wins_black": 0,
    "wins_white": 19,
    "unfinished": 1,
    "mean_length": 47.9,
    "lengths": [
      94,
      34,
      34,
      15,
      35,
      27,
      83,
      34,
      62,
      120,
      94,
      23,
      22,
      34,
      22,
      111,
      15,
      15,
      62,
      22
    ],
    "ci_black": [
      0.0,
      0.16113012549493322
    ],
    "ci_white": [
      0.7638641064874331,
      0.9911187805671268
    ]
  },
  "_wall_time": 65.45616450000125,
  "_params": {
    "n_games": 20,
    "max_moves": 120,
    "seed": 20260417
  }
}