{
  "epoch": [
    0,
    1,
    2,
    3,
    4,
    5,
    6,
    7,
    8,
    9,
    10,
    11,
    12,
    13,
    14,
    15,
    16,
    17,
    18,
    19,
    20,
    21,
    22,
    23,
    24,
    25,
    26,
    27,
    28,
    29,
    30,
    31,
    32,
    33,
    34,
    35,
    36,
    37,
    38,
    39
  ],
  "train_loss": [
    5.870130580902099,
    5.17247905254364,
    4.951543873786926,
    4.784016591072082,
    4.646453086853027,
    4.4422267084121705,
    4.25768346118927,
    3.9092755665779113,
    3.6733218326568604,
    3.526238401412964,
    3.3938946919441224,
    3.2779989204406736,
    3.192328866958618,
    3.09593949508667,
    3.0160758256912232,
    2.9238384556770325,
    2.8568847699165345,
    2.8118417735099794,
    2.741497411251068,
    2.693065192222595,
    2.647514918804169,
    2.580066910266876,
    2.5395649328231813,
    2.4756007986068727,
    2.446218123912811,
    2.401613728046417,
    2.372003655910492,
    2.3338612294197083,
    2.315434232711792,
    2.271585960865021,
    2.2492313237190245,
    2.212640437602997,
    2.1973637051582338,
    2.162518675327301,
    2.1472990503311156,
    2.1239565691947937,
    2.110153874874115,
    2.0789035596847536,
    2.064952820301056,
    2.0431320977211
  ],
  "val_loss": [
    5.363366313934327,
    NaN,
    4.9704127044677735,
    NaN,
    4.536666557312012,
    NaN,
    4.062563373565673,
    NaN,
    3.5657054080963135,
    NaN,
    3.4363079109191896,
    NaN,
    3.271973066329956,
    NaN,
    2.993610969543457,
    NaN,
    2.8168177604675293,
    NaN,
    2.7352158241271973,
    NaN,
    2.777013498306274,
    NaN,
    2.677242012023926,
    NaN,
    2.51393355178833,
    NaN,
    2.4619099922180174,
    NaN,
    2.389960403442383,
    NaN,
    2.437853193283081,
    NaN,
    2.391208127975464,
    NaN,
    2.305958143234253,
    NaN,
    2.3152172470092776,
    NaN,
    2.2868139667510987,
    2.3169670181274413
  ],
  "train_policy_acc": [
    0.026125,
    0.025375,
    0.034375,
    0.053375,
    0.070375,
    0.095625,
    0.13675,
    0.207125,
    0.24,
    0.266875,
    0.29075,
    0.309,
    0.327375,
    0.3455,
    0.35875,
    0.373875,
    0.38275,
    0.397125,
    0.4075,
    0.41825,
    0.431,
    0.439375,
    0.4495,
    0.4665,
    0.469875,
    0.4785,
    0.483375,
    0.4915,
    0.4915,
    0.500625,
    0.509,
    0.511875,
    0.519375,
    0.52175,
    0.528,
    0.5325,
    0.532375,
    0.538375,
    0.544125,
    0.5435
  ],
  "val_policy_acc": [
    0.0295,
    NaN,
    0.0625,
    NaN,
    0.0755,
    NaN,
    0.174,
    NaN,
    0.249,
    NaN,
    0.2805,
    NaN,
    0.317,
    NaN,
    0.3585,
    NaN,
    0.384,
    NaN,
    0.402,
    NaN,
    0.411,
    NaN,
    0.406,
    NaN,
    0.453,
    NaN,
    0.4555,
    NaN,
    0.473,
    NaN,
    0.463,
    NaN,
    0.4735,
    NaN,
    0.486,
    NaN,
    0.5005,
    NaN,
    0.493,
    0.5
  ],
  "train_threat_f1": [
    0.0,
    0.0,
    0.0,
    0.0,
    0.0,
    0.0,
    0.0,
    0.0,
    0.0,
    0.0,
    0.0,
    0.0,
    0.0,
    0.0,
    0.0,
    0.0,
    0.0,
    0.0,
    0.0,
    0.0,
    0.0,
    0.0,
    0.0,
    0.0,
    0.0,
    0.0,
    0.0,
    0.0,
    0.0,
    0.0,
    0.0,
    0.0,
    0.0,
    0.0,
    0.0,
    0.0,
    0.0,
    0.0,
    0.0,
    0.0
  ],
  "val_threat_f1": [
    0.0,
    NaN,
    0.0,
    NaN,
    0.0,
    NaN,
    0.0,
    NaN,
    0.0,
    NaN,
    0.0,
    NaN,
    0.0,
    NaN,
    0.0,
    NaN,
    0.0,
    NaN,
    0.0,
    NaN,
    0.0,
    NaN,
    0.0,
    NaN,
    0.0,
    NaN,
    0.0,
    NaN,
    0.0,
    NaN,
    0.0,
    NaN,
    0.0,
    NaN,
    0.0,
    NaN,
    0.0,
    NaN,
    0.0,
    0.0
  ],
  "train_win_f1": [
    0.0,
    0.0,
    0.0,
    0.0,
    0.0,
    0.0,
    0.0,
    0.0,
    0.0,
    0.0,
    0.0,
    0.0,
    0.0,
    0.0,
    0.0,
    0.0,
    0.0,
    0.0,
    0.0,
    0.0,
    0.0,
    0.0,
    0.0,
    0.0,
    0.0,
    0.0,
    0.0,
    0.0,
    0.0,
    0.0,
    0.0,
    0.0,
    0.0,
    0.0,
    0.0,
    0.0,
    0.0,
    0.0,
    0.0,
    0.0
  ],
  "val_win_f1": [
    0.0,
    NaN,
    0.0,
    NaN,
    0.0,
    NaN,
    0.0,
    NaN,
    0.0,
    NaN,
    0.0,
    NaN,
    0.0,
    NaN,
    0.0,
    NaN,
    0.0,
    NaN,
    0.0,
    NaN,
    0.0,
    NaN,
    0.0,
    NaN,
    0.0,
    NaN,
    0.0,
    NaN,
    0.0,
    NaN,
    0.0,
    NaN,
    0.0,
    NaN,
    0.0,
    NaN,
    0.0,
    NaN,
    0.0,
    0.0
  ],
  "train_value_mse": [
    0.3888064338390832,
    0.38655862591255574,
    0.3872833370878652,
    0.385453085382178,
    0.3855716786351404,
    0.38498141864541685,
    0.3852250899298233,
    0.3853519262386253,
    0.38436135404137894,
    0.38646831683185884,
    0.38459146925597454,
    0.3843960917997174,
    0.38418026426434515,
    0.3857011954013724,
    0.3854503073627129,
    0.3841624384894967,
    0.38350143196247516,
    0.3835744839506224,
    0.38289125373214483,
    0.383559012924321,
    0.3833752561691217,
    0.3832690318557434,
    0.38396860800404103,
    0.3840901900222525,
    0.38353092812048273,
    0.3834430189495906,
    0.3828589114723727,
    0.38371665932051835,
    0.38347991787316277,
    0.3840968759888783,
    0.38328184803156184,
    0.3838841113592498,
    0.3831712319618091,
    0.38377667659986764,
    0.3838327443008311,
    0.3826134543074295,
    0.3832468322888017,
    0.38334667560225355,
    0.38327581674512473,
    0.38432259688526393
  ],
  "val_value_mse": [
    0.3770153582431376,
    NaN,
    0.3761678880704567,
    NaN,
    0.37838891208264974,
    NaN,
    0.3760668054106645,
    NaN,
    0.37605893894191833,
    NaN,
    0.37711454732809213,
    NaN,
    0.37773686670511963,
    NaN,
    0.375281604683958,
    NaN,
    0.3762514770142734,
    NaN,
    0.3769680128581822,
    NaN,
    0.3753838338116184,
    NaN,
    0.37750914496555926,
    NaN,
    0.3757083084993064,
    NaN,
    0.3762486446648836,
    NaN,
    0.37631989834085106,
    NaN,
    0.3755946092726663,
    NaN,
    0.3781868609935045,
    NaN,
    0.3759927316829562,
    NaN,
    0.37601706709712746,
    NaN,
    0.3751966050285846,
    0.3756920160595328
  ],
  "train_value_sign_acc": [
    0.4848780487804878,
    0.5034146341463415,
    0.49365853658536585,
    0.5284552845528455,
    0.5157723577235772,
    0.5138211382113821,
    0.5131707317073171,
    0.5063414634146342,
    0.5203252032520326,
    0.5151219512195122,
    0.5209756097560976,
    0.5141463414634146,
    0.5258536585365854,
    0.5343089430894309,
    0.5261788617886178,
    0.5382113821138211,
    0.5385365853658537,
    0.5482926829268293,
    0.5486178861788618,
    0.5375609756097561,
    0.5398373983739837,
    0.5596747967479675,
    0.5424390243902439,
    0.5401626016260163,
    0.5395121951219513,
    0.5541463414634147,
    0.5534959349593496,
    0.5336585365853659,
    0.5482926829268293,
    0.5521951219512196,
    0.56,
    0.5421138211382114,
    0.551869918699187,
    0.5447154471544715,
    0.5424390243902439,
    0.5596747967479675,
    0.5495934959349593,
    0.5515447154471544,
    0.5586991869918699,
    0.5492682926829269
  ],
  "val_value_sign_acc": [
    0.5039893617021277,
    NaN,
    0.49601063829787234,
    NaN,
    0.49601063829787234,
    NaN,
    0.5013297872340425,
    NaN,
    0.46941489361702127,
    NaN,
    0.49601063829787234,
    NaN,
    0.49601063829787234,
    NaN,
    0.5372340425531915,
    NaN,
    0.5372340425531915,
    NaN,
    0.5039893617021277,
    NaN,
    0.5372340425531915,
    NaN,
    0.5372340425531915,
    NaN,
    0.5372340425531915,
    NaN,
    0.5372340425531915,
    NaN,
    0.5372340425531915,
    NaN,
    0.5372340425531915,
    NaN,
    0.49601063829787234,
    NaN,
    0.5372340425531915,
    NaN,
    0.5372340425531915,
    NaN,
    0.5372340425531915,
    0.5372340425531915
  ],
  "_wall_time": 865.0784480571747,
  "_args": {
    "quick": false,
    "epochs": 40,
    "batch": 32,