{
  "epoch": [
    0,
    1,
    2,
    3,
    4,
    5,
    6,
    7,
    8,
    9,
    10,
    11,
    12,
    13,
    14,
    15,
    16,
    17,
    18,
    19,
    20,
    21,
    22,
    23,
    24,
    25,
    26,
    27,
    28,
    29,
    30,
    31,
    32,
    33,
    34,
    35,
    36,
    37,
    38,
    39
  ],
  "train_loss": [
    10.132698139190675,
    9.38953914642334,
    9.177555843353272,
    9.045254707336426,
    8.827593574523926,
    8.667553455352783,
    8.496784317016601,
    8.240793817520142,
    7.936177597045899,
    7.788333986282349,
    7.584706486701966,
    7.463442114830017,
    7.334024923324585,
    7.242958326339721,
    7.1399252347946165,
    7.020666625976562,
    6.9411906156539915,
    6.865797099113465,
    6.782621826171875,
    6.743103635787964,
    6.71559654045105,
    6.658156453132629,
    6.622695025444031,
    6.567459190368653,
    6.5318180284500125,
    6.483596092224121,
    6.446334012508393,
    6.408538180828095,
    6.378273655414581,
    6.345414966106415,
    6.299676032543182,
    6.270815680980682,
    6.219447764873505,
    6.24509329366684,
    6.203435918807983,
    6.188209128379822,
    6.148938869476319,
    6.119684006690979,
    6.096896635055542,
    6.072770318984985
  ],
  "val_loss": [
    9.821704837799071,
    NaN,
    9.430273159027099,
    NaN,
    9.059238483428954,
    NaN,
    8.660910259246826,
    NaN,
    8.141811687469483,
    NaN,
    7.809104293823242,
    NaN,
    7.92922250366211,
    NaN,
    7.397340076446533,
    NaN,
    7.22097749710083,
    NaN,
    7.190997760772705,
    NaN,
    7.025441167831421,
    NaN,
    7.090583002090454,
    NaN,
    6.910389060974121,
    NaN,
    6.9254609413146975,
    NaN,
    6.800612567901611,
    NaN,
    6.778215776443481,
    NaN,
    6.795063234329223,
    NaN,
    6.682521423339844,
    NaN,
    6.671467948913574,
    NaN,
    6.649795583724975,
    6.652176691055298
  ],
  "train_policy_acc": [
    0.0265,
    0.031875,
    0.025125,
    0.032625,
    0.04325,
    0.067875,
    0.089375,
    0.143875,
    0.19925,
    0.2285,
    0.26175,
    0.27425,
    0.29625,
    0.31275,
    0.33325,
    0.345875,
    0.363875,
    0.376875,
    0.392875,
    0.399625,
    0.412375,
    0.4245,
    0.42775,
    0.440125,
    0.443125,
    0.455,
    0.4635,
    0.46725,
    0.4725,
    0.484625,
    0.490375,
    0.49025,
    0.493875,
    0.5025,
    0.511625,
    0.509875,
    0.52275,
    0.52525,
    0.528625,
    0.537375
  ],
  "val_policy_acc": [
    0.039,
    NaN,
    0.045,
    NaN,
    0.04,
    NaN,
    0.103,
    NaN,
    0.2125,
    NaN,
    0.2685,
    NaN,
    0.28,
    NaN,
    0.349,
    NaN,
    0.367,
    NaN,
    0.388,
    NaN,
    0.41,
    NaN,
    0.398,
    NaN,
    0.4355,
    NaN,
    0.426,
    NaN,
    0.4525,
    NaN,
    0.4555,
    NaN,
    0.467,
    NaN,
    0.4695,
    NaN,
    0.486,
    NaN,
    0.493,
    0.482
  ],
  "train_threat_f1": [
    0.0,
    0.0,
    0.0,
    0.0,
    0.0,
    0.0,
    0.0,
    0.0,
    0.0,
    0.0,
    0.0,
    0.0,
    0.0,
    0.0,
    0.0,
    0.0,
    0.0,
    0.0,
    0.0,
    0.0,
    0.0,
    0.0,
    0.0,
    0.0,
    0.0,
    0.0,
    0.0,
    0.0,
    0.0,
    0.0,
    0.0,
    0.0,
    0.0,
    0.0,
    0.0,
    0.0,
    0.0,
    0.0,
    0.0,
    0.0
  ],
  "val_threat_f1": [
    0.0,
    NaN,
    0.0,
    NaN,
    0.0,
    NaN,
    0.0,
    NaN,
    0.0,
    NaN,
    0.0,
    NaN,
    0.0,
    NaN,
    0.0,
    NaN,
    0.0,
    NaN,
    0.0,
    NaN,
    0.0,
    NaN,
    0.0,
    NaN,
    0.0,
    NaN,
    0.0,
    NaN,
    0.0,
    NaN,
    0.0,
    NaN,
    0.0,
    NaN,
    0.0,
    NaN,
    0.0,
    NaN,
    0.0,
    0.0
  ],
  "train_win_f1": [
    0.0,
    0.0,
    0.0,
    0.0,
    0.0,
    0.0,
    0.0,
    0.0,
    0.0,
    0.0,
    0.0,
    0.0,
    0.0,
    0.0,
    0.0,
    0.0,
    0.0,
    0.0,
    0.0,
    0.0,
    0.0,
    0.0,
    0.0,
    0.0,
    0.0,
    0.0,
    0.0,
    0.0,
    0.0,
    0.0,
    0.0,
    0.0,
    0.0,
    0.0,
    0.0,
    0.0,
    0.0,
    0.0,
    0.0,
    0.0
  ],
  "val_win_f1": [
    0.0,
    NaN,
    0.0,
    NaN,
    0.0,
    NaN,
    0.0,
    NaN,
    0.0,
    NaN,
    0.0,
    NaN,
    0.0,
    NaN,
    0.0,
    NaN,
    0.0,
    NaN,
    0.0,
    NaN,
    0.0,
    NaN,
    0.0,
    NaN,
    0.0,
    NaN,
    0.0,
    NaN,
    0.0,
    NaN,
    0.0,
    NaN,
    0.0,
    NaN,
    0.0,
    NaN,
    0.0,
    NaN,
    0.0,
    0.0
  ],
  "train_value_mse": [
    0.4008022403426294,
    0.4000376930870116,
    0.3964317074008286,
    0.4031373127289116,
    0.40713279604539276,
    0.39365524564683435,
    0.39689007425308226,
    0.39168910242244603,
    0.3952805607970804,
    0.4013470712304115,
    0.39343814347311856,
    0.3948876387067139,
    0.3978948764503002,
    0.39177927101776006,
    0.3932239593416452,
    0.39804860930144786,
    0.3912594040520489,
    0.3932389030084014,
    0.39738514917343853,
    0.3920509256646037,
    0.39250149684026836,
    0.39356550492346287,
    0.39278911536931993,
    0.3968442009463906,
    0.39023714847490193,
    0.3962989994958043,
    0.3939176575914025,
    0.3929705230072141,
    0.38941253447532653,
    0.3913761919029057,
    0.39432306988537313,
    0.39095028400421145,
    0.40091997480252756,
    0.3898844854142517,
    0.3916736957207322,
    0.3931767311394215,
    0.39241334060952066,
    0.3929899936243892,
    0.39170852168649434,
    0.39319928563386203
  ],
  "val_value_mse": [
    0.3802536374628544,
    NaN,
    0.4008586423397064,
    NaN,
    0.38393015492334964,
    NaN,
    0.38501901929080484,
    NaN,
    0.39470771920680997,
    NaN,
    0.3951789010763168,
    NaN,
    0.3792224627584219,
    NaN,
    0.3864486909210682,
    NaN,
    0.3888142597973347,
    NaN,
    0.39386870616674424,
    NaN,
    0.3832720473706722,
    NaN,
    0.4020629534125328,
    NaN,
    0.3911291348040104,
    NaN,
    0.38296495042741296,
    NaN,
    0.3914424612224102,
    NaN,
    0.38272845521569254,
    NaN,
    0.37775895416364075,
    NaN,
    0.39016569654643535,
    NaN,
    0.3869720172733068,
    NaN,
    0.38886851325631144,
    0.38946639885008333
  ],
  "train_value_sign_acc": [
    0.5209756097560976,
    0.5157723577235772,
    0.5183739837398375,
    0.5489430894308943,
    0.5515447154471544,
    0.528130081300813,
    0.5515447154471544,
    0.5505691056910569,
    0.5515447154471544,
    0.5502439024390244,
    0.5544715447154471,
    0.5567479674796748,
    0.5482926829268293,
    0.5473170731707317,
    0.5486178861788618,
    0.5564227642276423,
    0.5521951219512196,
    0.5551219512195122,
    0.5505691056910569,
    0.5508943089430894,
    0.5577235772357724,
    0.5577235772357724,
    0.5580487804878049,
    0.5586991869918699,
    0.5626016260162602,
    0.5557723577235772,
    0.5560975609756098,
    0.5613008130081301,
    0.5606504065040651,
    0.5613008130081301,
    0.5613008130081301,
    0.5613008130081301,
    0.5606504065040651,
    0.5567479674796748,
    0.5603252032520325,
    0.5632520325203252,
    0.5613008130081301,
    0.5596747967479675,
    0.5613008130081301,
    0.5613008130081301
  ],
  "val_value_sign_acc": [
    0.5026595744680851,
    NaN,
    0.5345744680851063,
    NaN,
    0.4973404255319149,
    NaN,
    0.5372340425531915,
    NaN,
    0.5372340425531915,
    NaN,
    0.5372340425531915,
    NaN,
    0.5372340425531915,
    NaN,
    0.5372340425531915,
    NaN,
    0.5372340425531915,
    NaN,
    0.5039893617021277,
    NaN,
    0.5372340425531915,
    NaN,
    0.5146276595744681,
    NaN,
    0.5372340425531915,
    NaN,
    0.5372340425531915,
    NaN,
    0.5372340425531915,
    NaN,
    0.5372340425531915,
    NaN,
    0.5132978723404256,
    NaN,
    0.5372340425531915,
    NaN,
    0.5372340425531915,
    NaN,
    0.5372340425531915,
    0.5372340425531915
  ],
  "_wall_time": 669.7125294208527,
  "_args": {
    "quick": false,
    "epochs": 40,
    "batch": 32,