{
  "dispersion": {
    "d_A": 2.5,
    "d_I": 5.0,
    "d_A_analytic": 2.5,
    "d_I_analytic": 5.0,
    "d_A_empirical": 25.282749373548075,
    "d_I_empirical": 34.621131384399,
    "ratio_dI_dA": 2.0,
    "lambda_star": 11.814283050307266,
    "lambda_star_analytic": 11.814283050307266,
    "k_star": 0.5318295896944989,
    "turing_instability_active": true,
    "n_dispersion_games": 5
  },
  "crystal": {
    "random": {
      "bragg99_mean": 0.10365864783525466,
      "bragg99_std": 0.007428703871374531,
      "d6_jaccard_mean": 0.09316366881323578,
      "moment6_mean": 0.21213180407914223,
      "pair_corr_dominant_lag_mean": 5.8,
      "mean_pair_corr": {
        "1": 0.5923076923076922,
        "2": 0.6192307692307691,
        "3": 0.48461538461538456,
        "4": 0.6461538461538462,
        "5": 0.44153846153846155,
        "6": 0.5294871794871795,
        "7": 0.43076923076923074,
        "8": 0.6596153846153845,
        "9": 0.46068376068376066,
        "10": 0.4792307692307693,
        "11": 0.43566433566433566,
        "12": 0.39038461538461544,
        "13": 0.3520710059171598,
        "14": 0.4153846153846154,
        "15": 0.3697435897435898,
        "16": 0.3802884615384615,
        "17": 0.3547511312217194,
        "18": 0.30512820512820504,
        "19": 0.3089068825910931,
        "20": 0.25576923076923086
      },
      "n_games": 5
    },
    "greedy": {
      "bragg99_mean": 0.3161088526248932,
      "bragg99_std": 0.0,
      "d6_jaccard_mean": 0.1980099451933068,
      "moment6_mean": 0.1274106567544949,
      "pair_corr_dominant_lag_mean": 3.0,
      "mean_pair_corr": {
        "1": 19.115384615384613,
        "2": 14.134615384615383,
        "3": 9.243589743589745,
        "4": 7.471153846153845,
        "5": 4.792307692307693,
        "6": 3.230769230769231,
        "7": 2.230769230769231,
        "8": 1.8846153846153846,
        "9": 1.435897435897436,
        "10": 0.9153846153846155,
        "11": 0.465034965034965,
        "12": 0.20192307692307693,
        "13": 0.0621301775147929,
        "14": 0.038461538461538464,
        "15": 0.0,
        "16": 0.0,
        "17": 0.0,
        "18": 0.0,
        "19": 0.0,
        "20": 0.0
      },
      "n_games": 5
    },
    "combo_v2": {
      "bragg99_mean": 0.23815954849123955,
      "bragg99_std": 0.03225081540509498,
      "d6_jaccard_mean": 0.1618234860732552,
      "moment6_mean": 0.1286844050816152,
      "pair_corr_dominant_lag_mean": 3.5,
      "mean_pair_corr": {
        "1": 16.275397657262648,
        "2": 10.903174057064216,
        "3": 5.606435326687043,
        "4": 5.1841940239394475,
        "5": 3.5538209502168314,
        "6": 3.943133477887483,
        "7": 3.1215375014002014,
        "8": 2.9594976676641433,
        "9": 1.9195877539699049,
        "10": 1.062262965867085,
        "11": 0.5420040485829959,
        "12": 0.4109311740890688,
        "13": 0.2640532544378698,
        "14": 0.1298076923076923,
        "15": 0.12564102564102567,
        "16": 0.05889423076923077,
        "17": 0.03167420814479638,
        "18": 0.0,
        "19": 0.0,
        "20": 0.0
      },
      "n_games": 4
    }
  },
  "bellman_residual": {
    "random": {
      "mean": 5.7502299019367324,
      "std": 1.2975110686787317,
      "n": 7866
    },
    "greedy": {
      "mean": 4.240965135051686,
      "std": 1.0148518515373144,
      "n": 1931
    },
    "combo_v2": {
      "mean": 3.000176632655351,
      "std": 0.9715476806496862,
      "n": 2132
    }
  },
  "_params": {
    "n_games": 5,
    "horizon": 60,
    "burn_in": 20,
    "grid_fft": 32,
    "diffraction_grid": 64,
    "k_extent": 12.566370614359172,
    "seed": 20260520,
    "device": "cuda",
    "n_dispersion_games": 5
  },
  "_wall_time": 52.99164330000349
}