{
  "n_games": 5973,
  "n_samples": 23698,
  "train_acc": 0.5787530330203609,
  "test_acc": 0.5938818565400844,
  "hand_baseline_test_acc": 0.610337552742616,
  "weights_std": [
    -0.012358374507310626,
    -0.08404349811948823,
    -0.07489485119773161,
    0.2942912128563063,
    0.0,
    0.15377697677909888,
    0.09059174358523558,
    0.024025371887313428,
    -0.459927118782583,
    0.02598968105513172,
    -0.13564845738982412
  ],
  "weights_raw_per_count": [
    -0.0008450633969653349,
    -0.012739499217905757,
    -0.014109173509072228,
    0.158961915628634,
    0.0,
    0.010441026871311845,
    0.012970741767017556,
    0.004528815239484072,
    -0.23909964675959386,
    0.20798274476121661
  ],
  "implied_V_normalized": [
    -0.0008450633969653349,
    -0.012739499217905757,
    -0.014109173509072228,
    0.158961915628634,
    0.0
  ],
  "implied_defence_weight": -5833185668.3324995,
  "feature_means": [
    26.74567474048443,
    9.354924466199678,
    4.54143809604186,
    1.184741328382142,
    0.0,
    28.822347877458014,
    11.142628069879315,
    4.980293695670521,
    1.359144231580724,
    0.01291248206599713
  ],
  "wall_time_s": 9.9,
  "corpus": "modal_moves_python_8000.json",
  "quick": false,
  "seed": 0
}