{
  "random": {
    "black": "random",
    "white": "random",
    "n_games": 40,
    "max_moves": 240,
    "wall_time": 101.62116529999912,
    "wins_black": 0,
    "wins_white": 0,
    "unfinished": 40,
    "mean_length": 240.0,
    "lengths": [
      240,
      240,
      240,
      240,
      240,
      240,
      240,
      240,
      240,
      240,
      240,
      240,
      240,
      240,
      240,
      240,
      240,
      240,
      240,
      240,
      240,
      240,
      240,
      240,
      240,
      240,
      240,
      240,
      240,
      240,
      240,
      240,
      240,
      240,
      240,
      240,
      240,
      240,
      240,
      240
    ],
    "ci_black": [
      0.0,
      0.08762453925039232
    ],
    "ci_white": [
      0.0,
      0.08762453925039232
    ],
    "_family": "baseline",
    "_needs_cuda": false
  },
  "greedy": {
    "black": "greedy",
    "white": "greedy",
    "n_games": 40,
    "max_moves": 240,
    "wall_time": 95.25427779999882,
    "wins_black": 0,
    "wins_white": 0,
    "unfinished": 40,
    "mean_length": 240.0,
    "lengths": [
      240,
      240,
      240,
      240,
      240,
      240,
      240,
      240,
      240,
      240,
      240,
      240,
      240,
      240,
      240,
      240,
      240,
      240,
      240,
      240,
      240,
      240,
      240,
      240,
      240,
      240,
      240,
      240,
      240,
      240,
      240,
      240,
      240,
      240,
      240,
      240,
      240,
      240,
      240,
      240
    ],
    "ci_black": [
      0.0,
      0.08762453925039232
    ],
    "ci_white": [
      0.0,
      0.08762453925039232
    ],
    "_family": "handcrafted",
    "_needs_cuda": false
  },
  "fork_aware": {
    "black": "fork_aware",
    "white": "fork_aware",
    "n_games": 40,
    "max_moves": 240,
    "wall_time": 94.30029179999838,
    "wins_black": 3,
    "wins_white": 2,
    "unfinished": 35,
    "mean_length": 225.825,
    "lengths": [
      240,
      240,
      240,
      35,
      240,
      240,
      240,
      149,
      240,
      240,
      240,
      240,
      240,
      240,
      240,
      240,
      240,
      240,
      240,
      240,
      240,
      240,
      240,
      240,
      240,
      240,
      193,
      240,
      113,
      240,
      240,
      240,
      240,
      240,
      240,
      240,
      143,
      240,
      240,
      240
    ],
    "ci_black": [
      0.025835556771858226,
      0.19864530159097524
    ],
    "ci_white": [
      0.013820377146101098,
      0.165041708179252
    ],
    "_family": "handcrafted",
    "_needs_cuda": false
  },
  "combo": {
    "black": "combo",
    "white": "combo",
    "n_games": 40,
    "max_moves": 240,
    "wall_time": 30.654897100001108,
    "wins_black": 19,
    "wins_white": 15,
    "unfinished": 6,
    "mean_length": 84.1,
    "lengths": [
      240,
      21,
      91,
      45,
      43,
      101,
      45,
      19,
      240,
      37,
      27,
      49,
      240,
      43,
      27,
      129,
      27,
      111,
      33,
      33,
      65,
      129,
      147,
      41,
      57,
      131,
      51,
      129,
      111,
      29,
      27,
      15,
      240,
      25,
      27,
      240,
      21,
      17,
      21,
      240
    ],
    "ci_black": [
      0.32935229550181694,
      0.6250289314607027
    ],
    "ci_white": [
      0.2422277353579172,
      0.529678399454681
    ],
    "_family": "handcrafted",
    "_needs_cuda": false
  },
  "ca_combo_v2": {
    "black": "ca_combo_v2",
    "white": "ca_combo_v2",
    "n_games": 40,
    "max_moves": 240,
    "wall_time": 31.545286299999134,
    "wins_black": 16,
    "wins_white": 20,
    "unfinished": 4,
    "mean_length": 79.0,
    "lengths": [
      33,
      37,
      23,
      49,
      17,
      59,
      29,
      33,
      39,
      23,
      27,
      75,
      37,
      15,
      33,
      51,
      63,
      23,
      157,
      49,
      121,
      240,
      83,
      240,
      33,
      59,
      33,
      75,
      67,
      191,
      67,
      240,
      53,
      235,
      69,
      240,
      29,
      63,
      35,
      115
    ],
    "ci_black": [
      0.2634811061240136,
      0.5540438017260649
    ],
    "ci_white": [
      0.35199278797099753,
      0.6480072120290025
    ],
    "_family": "handcrafted",
    "_needs_cuda": false
  },
  "az_policy_t03": {
    "black": "az_policy_t03",
    "white": "az_policy_t03",
    "n_games": 40,
    "max_moves": 240,
    "wall_time": 89.13688940000065,
    "wins_black": 15,
    "wins_white": 12,
    "unfinished": 13,
    "mean_length": 140.95,
    "lengths": [
      51,
      240,
      229,
      58,
      240,
      240,
      115,
      100,
      240,
      24,
      225,
      108,
      76,
      119,
      100,
      240,
      240,
      71,
      240,
      45,
      240,
      240,
      81,
      22,
      240,
      11,
      240,
      49,
      240,
      240,
      83,
      45,
      67,
      240,
      166,
      144,
      30,
      47,
      144,
      68
    ],
    "ci_black": [
      0.2422277353579172,
      0.529678399454681
    ],
    "ci_white": [
      0.18074670915695296,
      0.454303106543204
    ],
    "_family": "learned",
    "_needs_cuda": true
  },
  "az_policy_t05": {
    "black": "az_policy_t05",
    "white": "az_policy_t05",
    "n_games": 40,
    "max_moves": 240,
    "wall_time": 84.34031179999874,
    "wins_black": 18,
    "wins_white": 11,
    "unfinished": 11,
    "mean_length": 144.85,
    "lengths": [
      240,
      66,
      240,
      240,
      164,
      240,
      81,
      65,
      87,
      101,
      240,
      240,
      204,
      31,
      73,
      220,
      240,
      132,
      106,
      193,
      240,
      17,
      143,
      46,
      149,
      240,
      90,
      29,
      11,
      205,
      93,
      84,
      240,
      240,
      27,
      208,
      201,
      22,
      66,
      240
    ],
    "ci_black": [
      0.30705075280944694,
      0.6017117011155924
    ],
    "ci_white": [
      0.1610785343314309,
      0.4283525083312457
    ],
    "_family": "learned",
    "_needs_cuda": true
  },
  "neural_ca": {
    "black": "neural_ca",
    "white": "neural_ca",
    "n_games": 40,
    "max_moves": 240,
    "wall_time": 69.2228099999993,
    "wins_black": 0,
    "wins_white": 40,
    "unfinished": 0,
    "mean_length": 114.0,
    "lengths": [
      114,
      114,
      114,
      114,
      114,
      114,
      114,
      114,
      114,
      114,
      114,
      114,
      114,
      114,
      114,
      114,
      114,
      114,
      114,
      114,
      114,
      114,
      114,
      114,
      114,
      114,
      114,
      114,
      114,
      114,
      114,
      114,
      114,
      114,
      114,
      114,
      114,
      114,
      114,
      114
    ],
    "ci_black": [
      0.0,
      0.08762453925039232
    ],
    "ci_white": [
      0.9123754607496077,
      1.0
    ],
    "_family": "neural-CA",
    "_needs_cuda": true
  },
  "_wall_time": 596.0946178999984,
  "_params": {
    "n_games": 40,
    "parallelism": 12,
    "max_moves": 240,
    "seed": 20260419,
    "ladder": [
      "random",
      "greedy",
      "fork_aware",
      "combo",
      "ca_combo_v2",
      "az_policy_t03",
      "az_policy_t05",
      "neural_ca"
    ]
  }
}