{
  "source": "pairing_capacity_phase_diagram.json",
  "ks": [
    7,
    9,
    11,
    13,
    15
  ],
  "radii": [
    8,
    12,
    16,
    24,
    32
  ],
  "n_fronts": [
    10,
    20,
    30,
    40,
    60,
    80,
    100,
    140,
    200
  ],
  "n_crit": {
    "k7_R8": 50.90909090909091,
    "k7_R12": 62.5,
    "k7_R16": 65.71428571428571,
    "k7_R24": 100.0,
    "k7_R32": 113.33333333333333,
    "k9_R8": 26.666666666666668,
    "k9_R12": 40.0,
    "k9_R16": 53.33333333333333,
    "k9_R24": 72.5,
    "k9_R32": 90.0,
    "k11_R8": 34.54545454545455,
    "k11_R12": 38.57142857142857,
    "k11_R16": 37.0,
    "k11_R24": 73.33333333333334,
    "k11_R32": null,
    "k13_R8": 27.777777777777775,
    "k13_R12": 43.63636363636363,
    "k13_R16": 43.63636363636363,
    "k13_R24": 87.05882352941177,
    "k13_R32": 78.46153846153845,
    "k15_R8": 25.714285714285715,
    "k15_R12": 36.666666666666664,
    "k15_R16": 37.69230769230769,
    "k15_R24": 54.66666666666667,
    "k15_R32": null
  },
  "loglog_fits": {
    "k7": {
      "alpha": 0.6005578285395462,
      "c": 13.984626474927703,
      "n_points": 5,
      "rmse_log": 0.062151385056227866
    },
    "k9": {
      "alpha": 0.8744224683664497,
      "c": 4.488138424328945,
      "n_points": 5,
      "rmse_log": 0.032086770962213663
    },
    "k11": {
      "alpha": 0.6319272106273278,
      "c": 8.281325560093682,
      "n_points": 4,
      "rmse_log": 0.16506913111666704
    },
    "k13": {
      "alpha": 0.8133653889839455,
      "c": 5.294953945971293,
      "n_points": 5,
      "rmse_log": 0.13530212990638688
    },
    "k15": {
      "alpha": 0.6486095022196443,
      "c": 6.786093942580555,
      "n_points": 4,
      "rmse_log": 0.058267119318508136
    }
  },
  "interpretation": {
    "alpha~0": "global 2/turn budget binds (pure count)",
    "alpha~1": "perimeter-limited",
    "alpha~2": "constant critical density (local overlap/packing)"
  }
}