{
  "pentanacci_single_axis_bits_per_site": 0.9752253360640519,
  "w1_w2_verified_locally": {
    "w1_exact": 1.9659482366454863,
    "w2_exact_over_pentanacci_sq": 1.0
  },
  "wall_time_s": 177.2,
  "widths": {
    "3": {
      "W": 3,
      "device": "cuda",
      "n_working_states": 1100,
      "perron_eigenvalue_per_layer": 7.598296491511246,
      "entropy_per_site_bits": 0.9752253360658781,
      "iters_run": 32,
      "ratio_tail": [
        7.598296536878135,
        7.59829650503328,
        7.59829648553431,
        7.598296486411186,
        7.598296492443216,
        7.598296492329164,
        7.59829649155754,
        7.598296491324128,
        7.5982964914244135,
        7.598296491511246
      ]
    },
    "4": {
      "W": 4,
      "device": "cuda",
      "n_working_states": 13660,
      "perron_eigenvalue_per_layer": 14.937857588969582,
      "entropy_per_site_bits": 0.9752253360647808,
      "iters_run": 33,
      "ratio_tail": [
        14.937857620559765,
        14.93785757427817,
        14.937857576881893,
        14.93785759133409,
        14.937857590971344,
        14.937857589100938,
        14.937857588556048,
        14.93785758880335,
        14.937857589009841,
        14.937857588969582
      ]
    },
    "5": {
      "W": 5,
      "device": "cuda",
      "n_working_states": 52505,
      "perron_eigenvalue_per_layer": 29.37280045756105,
      "entropy_per_site_bits": 0.9752817832685479,
      "iters_run": 250,
      "ratio_tail": [
        29.370875,
        29.365624747304928,
        29.3525875,
        29.348275088184305,
        29.3547,
        29.34117172888842,
        29.4011,
        29.365575607715343,
        29.351275,
        29.37280045756105
      ]
    },
    "6": {
      "W": 6,
      "device": "cuda",
      "n_working_states": 112032,
      "perron_eigenvalue_per_layer": 54.14520624999999,
      "entropy_per_site_bits": 0.9597936182097454,
      "iters_run": 250,
      "ratio_tail": [
        54.185631249999986,
        54.105618750000005,
        54.03105,
        54.103237500000006,
        54.223468749999995,
        54.086906249999984,
        54.22451875,
        54.101312499999985,
        54.14070625,
        54.14520624999999
      ]
    }
  }
}