{
  "experiment": "surreal_fractal_strategy",
  "config": {
    "depth": 2,
    "inflation": 5,
    "player": 1
  },
  "wall_time_sec": 1.958667278289795,
  "verified": true,
  "stone_count": 614,
  "motif_count": 129,
  "winning_line_count": 321,
  "shell_counts": [
    1,
    6,
    36
  ],
  "motif_counts_by_level": [
    3,
    18,
    108
  ],
  "unique_stones_by_level": [
    16,
    86,
    516
  ],
  "dimension_estimate_log6_loginflation": 1.1132827525593785,
  "sample_winning_lines": [
    [
      [
        -30,
        0
      ],
      [
        -30,
        1
      ],
      [
        -30,
        2
      ],
      [
        -30,
        3
      ],
      [
        -30,
        4
      ],
      [
        -30,
        5
      ]
    ],
    [
      [
        -30,
        0
      ],
      [
        -29,
        -1
      ],
      [
        -28,
        -2
      ],
      [
        -27,
        -3
      ],
      [
        -26,
        -4
      ],
      [
        -25,
        -5
      ]
    ],
    [
      [
        -30,
        0
      ],
      [
        -29,
        0
      ],
      [
        -28,
        0
      ],
      [
        -27,
        0
      ],
      [
        -26,
        0
      ],
      [
        -25,
        0
      ]
    ],
    [
      [
        -30,
        1
      ],
      [
        -30,
        2
      ],
      [
        -30,
        3
      ],
      [
        -30,
        4
      ],
      [
        -30,
        5
      ],
      [
        -30,
        6
      ]
    ],
    [
      [
        -30,
        2
      ],
      [
        -30,
        3
      ],
      [
        -30,
        4
      ],
      [
        -30,
        5
      ],
      [
        -30,
        6
      ],
      [
        -30,
        7
      ]
    ],
    [
      [
        -30,
        3
      ],
      [
        -30,
        4
      ],
      [
        -30,
        5
      ],
      [
        -30,
        6
      ],
      [
        -30,
        7
      ],
      [
        -30,
        8
      ]
    ],
    [
      [
        -30,
        4
      ],
      [
        -30,
        5
      ],
      [
        -30,
        6
      ],
      [
        -30,
        7
      ],
      [
        -30,
        8
      ],
      [
        -30,
        9
      ]
    ],
    [
      [
        -30,
        5
      ],
      [
        -30,
        6
      ],
      [
        -30,
        7
      ],
      [
        -30,
        8
      ],
      [
        -30,
        9
      ],
      [
        -30,
        10
      ]
    ],
    [
      [
        -30,
        5
      ],
      [
        -29,
        4
      ],
      [
        -28,
        3
      ],
      [
        -27,
        2
      ],
      [
        -26,
        1
      ],
      [
        -25,
        0
      ]
    ],
    [
      [
        -30,
        5
      ],
      [
        -29,
        5
      ],
      [
        -28,
        5
      ],
      [
        -27,
        5
      ],
      [
        -26,
        5
      ],
      [
        -25,
        5
      ]
    ],
    [
      [
        -30,
        25
      ],
      [
        -30,
        26
      ],
      [
        -30,
        27
      ],
      [
        -30,
        28
      ],
      [
        -30,
        29
      ],
      [
        -30,
        30
      ]
    ],
    [
      [
        -30,
        25
      ],
      [
        -29,
        24
      ],
      [
        -28,
        23
      ],
      [
        -27,
        22
      ],
      [
        -26,
        21
      ],
      [
        -25,
        20
      ]
    ]
  ],
  "interpretation": "A verified strategy pattern: every recursive motif is a legal HexGo length-6 line for one player. This is not a legal transcript."
}